Customer_ID,Age,Gender,Location,Platform_Engaged
CUST0001,22,Other,Los Angeles,Twitter
CUST0002,35,Female,Los Angeles,Facebook
CUST0003,33,Female,New York,YouTube
CUST0004,24,Other,Chicago,Twitter
CUST0005,39,Male,New York,YouTube
CUST0006,60,Other,Miami,YouTube
CUST0007,18,Female,Chicago,Instagram
CUST0008,34,Female,New York,Instagram
CUST0009,24,Other,New York,Twitter
CUST0010,44,Female,Los Angeles,Twitter
CUST0011,27,Male,Chicago,Facebook
CUST0012,58,Male,Miami,Facebook
CUST0013,60,Female,Houston,Twitter
CUST0014,38,Other,Miami,Twitter
CUST0015,26,Female,New York,Instagram
CUST0016,48,Other,New York,Twitter
CUST0017,28,Other,Chicago,Twitter
CUST0018,39,Other,New York,YouTube
CUST0019,50,Male,Los Angeles,Instagram
CUST0020,30,Male,Miami,Twitter
CUST0021,19,Male,Los Angeles,Facebook
CUST0022,47,Other,Miami,Twitter
CUST0023,19,Female,Chicago,Instagram
CUST0024,34,Male,Los Angeles,Facebook
CUST0025,57,Female,Houston,Instagram
CUST0026,25,Other,Chicago,YouTube
CUST0027,54,Female,Houston,Twitter
CUST0028,54,Male,Chicago,Instagram
CUST0029,45,Male,Los Angeles,Twitter
CUST0030,27,Female,New York,Instagram
CUST0031,55,Other,Los Angeles,Facebook
CUST0032,20,Other,Houston,YouTube
CUST0033,33,Other,New York,YouTube
CUST0034,27,Other,Houston,Twitter
CUST0035,44,Male,Los Angeles,Instagram
CUST0036,53,Other,New York,YouTube
CUST0037,34,Female,Los Angeles,Twitter
CUST0038,28,Other,Houston,Facebook
CUST0039,40,Female,Los Angeles,YouTube
CUST0040,44,Male,Los Angeles,YouTube
CUST0041,19,Female,Chicago,Instagram
CUST0042,50,Female,Los Angeles,Instagram
CUST0043,33,Other,Chicago,Facebook
CUST0044,48,Male,Miami,YouTube
CUST0045,26,Female,Miami,Instagram
CUST0046,24,Other,Houston,YouTube
CUST0047,39,Male,Los Angeles,Twitter
CUST0048,60,Male,Los Angeles,Instagram
CUST0049,46,Other,Houston,Instagram
CUST0050,58,Female,Los Angeles,YouTube
CUST0051,21,Other,Miami,YouTube
CUST0052,36,Male,Houston,Instagram
CUST0053,54,Other,Chicago,Instagram
CUST0054,59,Male,Los Angeles,Twitter
CUST0055,46,Other,Miami,Twitter
CUST0056,30,Male,Houston,Twitter
CUST0057,27,Other,Los Angeles,YouTube
CUST0058,25,Other,Miami,Instagram
CUST0059,39,Male,Chicago,Facebook
CUST0060,27,Other,New York,Twitter
CUST0061,28,Other,New York,Facebook
CUST0062,48,Female,New York,Facebook
CUST0063,18,Male,Houston,YouTube
CUST0064,36,Male,New York,Instagram
CUST0065,30,Male,Chicago,YouTube
CUST0066,59,Female,Houston,Twitter
CUST0067,36,Female,New York,Twitter
CUST0068,44,Other,Miami,Instagram
CUST0069,37,Male,Chicago,Instagram
CUST0070,34,Other,Miami,YouTube
CUST0071,47,Other,Houston,Twitter
CUST0072,33,Female,Chicago,YouTube
CUST0073,43,Other,Chicago,Instagram
CUST0074,37,Male,Chicago,YouTube
CUST0075,51,Female,New York,YouTube
CUST0076,49,Other,Los Angeles,YouTube
CUST0077,48,Female,Miami,YouTube
CUST0078,18,Male,Chicago,YouTube
CUST0079,37,Other,Los Angeles,Facebook
CUST0080,20,Female,Miami,Facebook
CUST0081,32,Female,Houston,Facebook
CUST0082,44,Other,New York,Facebook
CUST0083,27,Female,Los Angeles,Instagram
CUST0084,36,Female,Miami,Instagram
CUST0085,31,Other,New York,Facebook
CUST0086,25,Male,New York,Twitter
CUST0087,52,Male,New York,Instagram
CUST0088,32,Other,Houston,Instagram
CUST0089,49,Male,Miami,Facebook
CUST0090,23,Other,Houston,Twitter
CUST0091,20,Female,New York,Twitter
CUST0092,40,Female,Chicago,Instagram
CUST0093,60,Female,Houston,Facebook
CUST0094,44,Female,Miami,Instagram
CUST0095,54,Female,Los Angeles,Instagram
CUST0096,21,Male,New York,Instagram
CUST0097,40,Other,Houston,YouTube
CUST0098,26,Female,Chicago,Instagram
CUST0099,60,Male,Miami,Twitter
CUST0100,19,Female,New York,Twitter
CUST0101,47,Male,New York,Twitter
CUST0102,22,Other,Chicago,YouTube
CUST0103,21,Male,Miami,Instagram
CUST0104,49,Male,Miami,Facebook
CUST0105,36,Male,Houston,Facebook
CUST0106,60,Other,Chicago,Instagram
CUST0107,48,Female,Miami,Facebook
CUST0108,43,Female,New York,Instagram
CUST0109,21,Male,New York,Instagram
CUST0110,33,Female,Houston,Twitter
CUST0111,56,Female,Los Angeles,Facebook
CUST0112,41,Male,Los Angeles,Facebook
CUST0113,25,Female,Los Angeles,YouTube
CUST0114,60,Female,Chicago,YouTube
CUST0115,23,Female,Chicago,YouTube
CUST0116,39,Other,Chicago,Instagram
CUST0117,34,Male,New York,Instagram
CUST0118,21,Other,Houston,YouTube
CUST0119,37,Other,Miami,Facebook
CUST0120,28,Female,New York,Instagram
CUST0121,43,Female,Chicago,Twitter
CUST0122,41,Male,New York,Twitter
CUST0123,22,Female,New York,YouTube
CUST0124,27,Other,Houston,Facebook
CUST0125,49,Female,Miami,Facebook
CUST0126,41,Female,Los Angeles,Twitter
CUST0127,20,Male,Chicago,YouTube
CUST0128,41,Female,Houston,Twitter
CUST0129,35,Female,Houston,YouTube
CUST0130,50,Female,Chicago,YouTube
CUST0131,25,Male,Chicago,Twitter
CUST0132,18,Male,Miami,YouTube
CUST0133,34,Female,Chicago,Instagram
CUST0134,25,Other,Miami,Twitter
CUST0135,31,Male,Los Angeles,YouTube
CUST0136,60,Male,New York,Instagram
CUST0137,50,Other,Houston,YouTube
CUST0138,19,Other,Houston,Facebook
CUST0139,42,Male,Miami,Twitter
CUST0140,27,Other,Miami,Twitter
CUST0141,29,Other,Chicago,Instagram
CUST0142,42,Other,Chicago,Instagram
CUST0143,42,Male,Chicago,Facebook
CUST0144,50,Female,Miami,Twitter
CUST0145,53,Other,Houston,Twitter
CUST0146,19,Female,Los Angeles,Twitter
CUST0147,37,Female,New York,Facebook
CUST0148,58,Other,Los Angeles,Instagram
CUST0149,25,Male,Chicago,YouTube
CUST0150,46,Male,Houston,Facebook
CUST0151,54,Other,Houston,Facebook
CUST0152,47,Female,Los Angeles,Twitter
CUST0153,34,Other,Miami,YouTube
CUST0154,40,Other,Los Angeles,YouTube
CUST0155,51,Female,Miami,Instagram
CUST0156,49,Female,Los Angeles,Twitter
CUST0157,40,Male,Chicago,Twitter
CUST0158,59,Female,Chicago,Facebook
CUST0159,23,Other,New York,Twitter
CUST0160,29,Male,Los Angeles,Instagram
CUST0161,42,Male,New York,Facebook
CUST0162,25,Female,New York,YouTube
CUST0163,26,Male,Los Angeles,YouTube
CUST0164,51,Female,Houston,YouTube
CUST0165,48,Male,Houston,Twitter
CUST0166,23,Male,Miami,Facebook
CUST0167,33,Female,Miami,YouTube
CUST0168,34,Male,Miami,Facebook
CUST0169,28,Other,New York,Instagram
CUST0170,38,Other,Chicago,Facebook
CUST0171,46,Female,New York,Facebook
CUST0172,52,Other,Chicago,Instagram
CUST0173,38,Female,New York,Twitter
CUST0174,37,Other,Houston,Twitter
CUST0175,41,Male,Houston,Twitter
CUST0176,29,Female,Miami,Facebook
CUST0177,59,Other,Los Angeles,Facebook
CUST0178,54,Other,New York,Facebook
CUST0179,39,Male,Los Angeles,Instagram
CUST0180,28,Other,Chicago,Twitter
CUST0181,39,Male,Chicago,Facebook
CUST0182,48,Female,Miami,Facebook
CUST0183,26,Other,Miami,Twitter
CUST0184,36,Female,Chicago,Twitter
CUST0185,26,Other,Chicago,Facebook
CUST0186,39,Other,New York,Facebook
CUST0187,36,Female,Houston,Instagram
CUST0188,34,Male,Miami,YouTube
CUST0189,49,Other,Los Angeles,Facebook
CUST0190,30,Other,Miami,Instagram
CUST0191,36,Female,Houston,YouTube
CUST0192,58,Other,Houston,Facebook
CUST0193,29,Other,Chicago,Facebook
CUST0194,52,Other,Houston,Twitter
CUST0195,38,Male,New York,Twitter
CUST0196,37,Male,New York,YouTube
CUST0197,56,Female,New York,Twitter
CUST0198,59,Other,Houston,Instagram
CUST0199,44,Female,Los Angeles,YouTube
CUST0200,54,Male,New York,Instagram
