Campaign_ID,Campaign_Name,Platform,Start_Date,End_Date,Budget,Target_Audience,Objective
CMP001,Simple Campaign 1,Facebook,2024-01-01,2024-01-06,20000,25-34,Brand Awareness
CMP002,Simple Campaign 2,Facebook,2024-01-02,2024-01-07,20000,25-34,Sales
CMP003,Simple Campaign 3,Facebook,2024-01-03,2024-01-08,15000,18-24,Brand Awareness
CMP004,Simple Campaign 4,Instagram,2024-01-04,2024-01-09,10000,25-34,Brand Awareness
CMP005,Simple Campaign 5,Instagram,2024-01-05,2024-01-10,10000,25-34,Brand Awareness
CMP001,Simple Campaign 1,Facebook,2024-01-01,2024-01-06,20000,25-34,Brand Awareness
CMP002,Simple Campaign 2,Facebook,2024-01-02,2024-01-07,20000,25-34,Sales
CMP003,Simple Campaign 3,Facebook,2024-01-03,2024-01-08,15000,18-24,Brand Awareness
CMP004,Simple Campaign 4,Instagram,2024-01-04,2024-01-09,10000,25-34,Brand Awareness
CMP005,Simple Campaign 5,Instagram,2024-01-05,2024-01-10,10000,25-34,Brand Awareness
CMP001,Simple Campaign 1,Facebook,2024-01-01,2024-01-06,20000,25-34,Brand Awareness
CMP002,Simple Campaign 2,Facebook,2024-01-02,2024-01-07,20000,25-34,Sales
CMP003,Simple Campaign 3,Facebook,2024-01-03,2024-01-08,15000,18-24,Brand Awareness
CMP004,Simple Campaign 4,Instagram,2024-01-04,2024-01-09,10000,25-34,Brand Awareness
CMP005,Simple Campaign 5,Instagram,2024-01-05,2024-01-10,10000,25-34,Brand Awareness
CMP001,Simple Campaign 1,Facebook,2024-01-01,2024-01-06,20000,25-34,Brand Awareness
CMP002,Simple Campaign 2,Facebook,2024-01-02,2024-01-07,20000,25-34,Sales
CMP003,Simple Campaign 3,Facebook,2024-01-03,2024-01-08,15000,18-24,Brand Awareness
CMP004,Simple Campaign 4,Instagram,2024-01-04,2024-01-09,10000,25-34,Brand Awareness
CMP005,Simple Campaign 5,Instagram,2024-01-05,2024-01-10,10000,25-34,Brand Awareness
CMP001,Simple Campaign 1,Facebook,2024-01-01,2024-01-06,20000,25-34,Brand Awareness
CMP002,Simple Campaign 2,Facebook,2024-01-02,2024-01-07,20000,25-34,Sales
CMP003,Simple Campaign 3,Facebook,2024-01-03,2024-01-08,15000,18-24,Brand Awareness
CMP004,Simple Campaign 4,Instagram,2024-01-04,2024-01-09,10000,25-34,Brand Awareness
CMP005,Simple Campaign 5,Instagram,2024-01-05,2024-01-10,10000,25-34,Brand Awareness
CMP001,Simple Campaign 1,Facebook,2024-01-01,2024-01-06,20000,25-34,Brand Awareness
CMP002,Simple Campaign 2,Facebook,2024-01-02,2024-01-07,20000,25-34,Sales
CMP003,Simple Campaign 3,Facebook,2024-01-03,2024-01-08,15000,18-24,Brand Awareness
CMP004,Simple Campaign 4,Instagram,2024-01-04,2024-01-09,10000,25-34,Brand Awareness
CMP005,Simple Campaign 5,Instagram,2024-01-05,2024-01-10,10000,25-34,Brand Awareness
